ID,CREATEDBYSTAFFID,CREATEDDATE,LASTUPDATEDBYSTAFFID,LASTUPDATEDDATE,STATUS,DESCRIPTION,ENTITY,REGEXKEY,VALUE
1,1,2016-07-11 16:21:09.0000,1,2016-07-11 16:21:09.0000,ACTIVE,Access Group Name Regex,AccessGroup,AccessGroup.name,"^.{1,60}$"
2,1,2016-07-11 16:21:09.0001,1,2016-07-11 16:21:09.0001,ACTIVE,Access Group Description Regex,AccessGroup,AccessGroup.description,"^.{1,250}$"
3,1,2016-07-11 16:21:09.0002,1,2016-07-11 16:21:09.0002,ACTIVE,Access Group Change Status - Reason for Change,AccessGroup,AccessGroup.reason.to.change,"^[\\p{L} .'-]+{1,255}$"
4,1,2016-07-11 16:21:09.0003,1,2016-07-11 16:21:09.0003,ACTIVE,Username regex,Staff,Staff.username,"^[[^\W\d/']]{1,255}$"
5,1,2016-07-11 16:21:09.0004,1,2016-07-11 16:21:09.0004,ACTIVE,First Name regex,Staff,Staff.firstName,"^[[^\W\d]\s/']{1,255}$"
6,1,2016-07-11 16:21:09.0005,1,2016-07-11 16:21:09.0005,ACTIVE,Last Name regex,Staff,Staff.lastName,"^[[^\W\d]\s/']{1,255}$"
7,1,2016-07-11 16:21:09.0006,1,2016-07-11 16:21:09.0006,ACTIVE,Staff Code regex,Staff,Staff.staffCode,"^[\w]{1,255}$"
8,1,2016-07-11 16:21:09.0007,1,2016-07-11 16:21:09.0007,ACTIVE,Staff Change Status - Reason for Change,Staff,STAFF_REASON_FOR_CHANGE_REGEX,"^[\\p{L} .'-]+{1,255}$"
9,1,2016-07-11 16:21:09.0008,1,2016-07-11 16:21:09.0008,ACTIVE,Middle name regex,Staff,Staff.middleName,"^[[^\W\d]\s/']{0,255}$"
10,1,2016-07-11 16:21:09.0009,1,2016-07-11 16:21:09.0009,ACTIVE,Address regex,Staff,Staff.address,"^[\w-._,/'][\w\s-._,/']{1,500}$"
11,1,2016-07-11 16:21:09.0010,1,2016-07-11 16:21:09.0010,ACTIVE,Address2 regex,Staff,Staff.address2,"^[\w-._,/'][\w\s-._,/']{0,500}$"
12,1,2016-07-11 16:21:09.0011,1,2016-07-11 16:21:09.0011,ACTIVE,City regex,Staff,Staff.city,"^[^\W\d/']{1,255}$"
13,1,2016-07-11 16:21:09.0012,1,2016-07-11 16:21:09.0012,ACTIVE,State regex,Staff,Staff.state,"^[^\W\d/']{0,255}$"
14,1,2016-07-11 16:21:09.0013,1,2016-07-11 16:21:09.0013,ACTIVE,Country regex,Staff,Staff.country,"^[^\W\d/']{0,255}$"
15,1,2016-07-11 16:21:09.0014,1,2016-07-11 16:21:09.0014,ACTIVE,Pincode regex,Staff,Staff.pincode,"^[0-9]{1,255}$"
16,1,2016-07-11 16:21:09.0015,1,2016-07-11 16:21:09.0015,ACTIVE,Landline regex,Staff,Staff.landlineNo,"^[0-9]{0,20}$"
17,1,2016-07-11 16:21:09.0016,1,2016-07-11 16:21:09.0016,ACTIVE,Mobile Number regex,Staff,Staff.mobileNo,"^[0-9]{1,20}$"
18,1,2016-07-11 16:21:09.0017,1,2016-07-11 16:21:09.0017,ACTIVE,Server Name,Server,Server.name,"^[\w-._,][\w\s-._,/']{1,200}+$"
19,1,2016-07-11 16:21:09.0018,1,2016-07-11 16:21:09.0018,ACTIVE,Server Description,Server,Server.description,"^[\w\s-./,/']{0,2000}$"
20,1,2016-07-11 16:21:09.0019,1,2016-07-11 16:21:09.0019,ACTIVE,Server Utility Port,Server,Server.utilityPort,(102[3-9]|10[3-9][0-9]|1[1-9][0-9]{2}|[2-9][0-9]{3}|[1-5][0-9]{4}|6[0-4][0-9]{3}|65[0-4][0-9]{2}|655[0-2][0-9]|6553[0-6])
21,1,2016-07-11 16:21:09.0020,1,2016-07-11 16:21:09.0020,ACTIVE,Server Instance Logfile Path,ServerInstance,SERVERINSTANCE_LOG_FILEPATH_REGEX,"^[\_$\w:/]{1,200}$"
22,1,2016-07-11 16:21:09.0021,1,2016-07-11 16:21:09.0021,ACTIVE,Server Instance File Storage Destination Path,ServerInstance,SERVERINSTANCE_FILESTORAGENAME_REGEX,"^[\_$\s\w:./]{1,200}$"
23,1,2016-07-11 16:21:09.0022,1,2016-07-11 16:21:09.0022,ACTIVE,Server Instance Name,ServerInstance,ServerInstance.name,"^[\w-._,/'][\w\s-._,/']{1,200}+$"
24,1,2016-07-11 16:21:09.0023,1,2016-07-11 16:21:09.0023,ACTIVE,Server Instance Description,ServerInstance,ServerInstance.description,"^[\w\s-./,/']{0,2000}$"
25,1,2016-07-11 16:21:09.0024,1,2016-07-11 16:21:09.0024,ACTIVE,Server Instance port,ServerInstance,ServerInstance.port,(102[4-9]|10[3-9][0-9]|1[1-9][0-9]{2}|[2-9][0-9]{3}|[1-5][0-9]{4}|6[0-4][0-9]{3}|65[0-4][0-9]{2}|655[0-2][0-9]|6553[0-5])
26,1,2016-07-11 16:21:09.0025,1,2016-07-11 16:21:09.0025,ACTIVE,Server Instance Try To Connect Count,ServerInstance,ServerInstance.maxConnectionRetry,"^[0-9]{1,5}+$"
27,1,2016-07-11 16:21:09.0026,1,2016-07-11 16:21:09.0026,ACTIVE,Server Instance Connection Retry Interval,ServerInstance,ServerInstance.retryInterval,"^[0-9]{1,5}+$"
28,1,2016-07-11 16:21:09.0027,1,2016-07-11 16:21:09.0027,ACTIVE,Server Instance Connection Timeout,ServerInstance,ServerInstance.connectionTimeout,"^[0-9]{1,20}+$"
29,1,2016-07-11 16:21:09.0028,1,2016-07-11 16:21:09.0028,ACTIVE,Server Instance File Storage Location Regex,DataSourceConfig,ServerInstance.fileStorageLocation,"^[\_$\s.\w:/]{1,500}$"
30,1,2016-07-11 16:21:09.0029,1,2016-07-11 16:21:09.0029,ACTIVE,Server Instance DsConfig Pojo name,DataSourceConfig,ServerInstance.datasourceConfig.dsPojo.name,"^[\w_/]{1,200}$"
31,1,2016-07-11 16:21:09.0030,1,2016-07-11 16:21:09.0030,ACTIVE,Server Instance Min Memory Allocation,ServerInstance,ServerInstance.minMemoryAllocation,"^[0-9]{1,20}+$"
32,1,2016-07-11 16:21:09.0031,1,2016-07-11 16:21:09.0031,ACTIVE,Server Instance Max Memory Allocation,ServerInstance,ServerInstance.maxMemoryAllocation,"^[0-9]{1,20}+$"
33,1,2016-07-11 16:21:09.0032,1,2016-07-11 16:21:09.0032,ACTIVE,Server Instance Threshold Time Interval Regex,ServerInstance,ServerInstance.thresholdTimeInterval,"^[0-9]{1,10}$"
34,1,2016-07-11 16:21:09.0033,1,2016-07-11 16:21:09.0033,ACTIVE,Server Instance Threshold Memory Regex,ServerInstance,ServerInstance.thresholdMemory,"^[0-9]{1,10}$"
35,1,2016-07-11 16:21:09.0034,1,2016-07-11 16:21:09.0034,ACTIVE,Server Instance Load Average Regex,ServerInstance,ServerInstance.loadAverage,"^[0-9]{1,10}$"
36,1,2016-07-11 16:21:09.0035,1,2016-07-11 16:21:09.0035,ACTIVE,Server Instance LogsDetail Log Path Location Regex,DataSourceConfig,ServerInstance.logsDetail.logPathLocation,"^[\_$\w:/]{0,200}$"
37,1,2016-07-11 16:21:09.0036,1,2016-07-11 16:21:09.0036,ACTIVE,Server Instance LogsDetail Max Rolling Unit Regex,DataSourceConfig,ServerInstance.logsDetail.maxRollingUnit,"^[0-9]{1,200}$"
38,1,2016-07-11 16:21:09.0037,1,2016-07-11 16:21:09.0037,ACTIVE,Server Instance LogsDetail Rolling Value Regex,DataSourceConfig,ServerInstance.logsDetail.rollingValue,"^[0-9]{1,200}$"
39,1,2016-07-11 16:21:09.0038,1,2016-07-11 16:21:09.0038,ACTIVE,Server Instance Min Disk Space Regex,ServerInstance,ServerInstance.minDiskSpace,"-1|([0-9]{1,10})$"
40,1,2016-07-11 16:21:09.0039,1,2016-07-11 16:21:09.0039,ACTIVE,Server Instance Script Name,ServerInstance,ServerInstance.scriptName,"^[\w._]{1,100}+$"
41,1,2016-07-11 16:21:09.0040,1,2016-07-11 16:21:09.0040,ACTIVE,Datasourceconfig Name Regex,DataSourceConfig,DataSourceConfig.name,"^[\w@_:.][\w\s@_:.]{0,200}+$"
42,1,2016-07-11 16:21:09.0041,1,2016-07-11 16:21:09.0041,ACTIVE,Datasourceconfig Connection URL Regex,DataSourceConfig,DataSourceConfig.connURL,"^[\w@:/.][\w\s@/:.]{0,255}+$"
43,1,2016-07-11 16:21:09.0042,1,2016-07-11 16:21:09.0042,ACTIVE,Datasourceconfig Type Regex,DataSourceConfig,DataSourceConfig.type,"^(1-9){0,255}$"
44,1,2016-07-11 16:21:09.0043,1,2016-07-11 16:21:09.0043,ACTIVE,Datasourceconfig Username Regex,DataSourceConfig,DataSourceConfig.username,"^.{1,255}$"
45,1,2016-07-11 16:21:09.0044,1,2016-07-11 16:21:09.0044,ACTIVE,Datasourceconfig Password Regex,DataSourceConfig,DataSourceConfig.password,"^.{1,255}$"
46,1,2016-07-11 16:21:09.0045,1,2016-07-11 16:21:09.0045,ACTIVE,Datasourceconfig Min Pool Size Regex,DataSourceConfig,DataSourceConfig.minPoolSize,"^[0-9]{1,10}+$"
47,1,2016-07-11 16:21:09.0046,1,2016-07-11 16:21:09.0046,ACTIVE,Datasourceconfig Max Pool Size Regex,DataSourceConfig,DataSourceConfig.maxPoolsize,"^[0-9]{1,10}+$"
48,1,2016-07-11 16:21:09.0047,1,2016-07-11 16:21:09.0047,ACTIVE,Service Name,Service,Service.name,"^[\w-._,/''][\w\s-._,/'']{1,200}+$"
49,1,2016-07-11 16:21:09.0048,1,2016-07-11 16:21:09.0048,ACTIVE,Service Description,Service,Service.description,"^[\w\s-./,/']{0,2000}$"
50,1,2016-07-11 16:21:09.0049,1,2016-07-11 16:21:09.0049,ACTIVE,Service Scheduling time,Service,Service.serviceSchedulingParams.time,"^(([01]?[0-9]|2[0-3]):[0-5][0-9]:[0-5][0-9]){1,8}$"
51,1,2016-07-11 16:21:09.0050,1,2016-07-11 16:21:09.0050,ACTIVE,Service Excecution interval,Service,Service.svcExecParams.executionInterval,"^[0-9]{1,7}$"
52,1,2016-07-11 16:21:09.0051,1,2016-07-11 16:21:09.0051,ACTIVE,Service File Batch size,Service,Service.svcExecParams.fileBatchSize,"^[0-9]{1,3}$"
53,1,2016-07-11 16:21:09.0052,1,2016-07-11 16:21:09.0052,ACTIVE,Service Max thread,Service,Service.svcExecParams.maxThread,"^[0-9]{1,3}$"
54,1,2016-07-11 16:21:09.0053,1,2016-07-11 16:21:09.0053,ACTIVE,Service Min Thread,Service,Service.svcExecParams.minThread,"^[0-9]{1,3}$"
55,1,2016-07-11 16:21:09.0054,1,2016-07-11 16:21:09.0054,ACTIVE,Service Queue Size,Service,Service.svcExecParams.queueSize,"^[0-9]{1,7}$"
56,1,2016-07-11 16:21:09.0055,1,2016-07-11 16:21:09.0055,ACTIVE,Driver Name,Drivers,Drivers.name,"^[\w-._,/'][\w\s-._,/']{1,200}+$"
57,1,2016-07-11 16:21:09.0056,1,2016-07-11 16:21:09.0056,ACTIVE,Driver TimeOut,Drivers,Drivers.timeout,"^[0-9]{1,7}$"
58,1,2016-07-11 16:21:09.0057,1,2016-07-11 16:21:09.0057,ACTIVE,Driver Min file range,Drivers,Drivers.minFileRange,"-1|([0-9]{1,10})$"
59,1,2016-07-11 16:21:09.0058,1,2016-07-11 16:21:09.0058,ACTIVE,Driver Max file range,Drivers,Drivers.maxFileRange,"-1|([0-9]{1,10})$"
60,1,2016-07-11 16:21:09.0059,1,2016-07-11 16:21:09.0059,ACTIVE,Driver Max Retry count,Drivers,Drivers.maxRetrycount,"-1|([0-9]{1,10})$"
61,1,2016-07-11 16:21:09.0060,1,2016-07-11 16:21:09.0060,ACTIVE,Collection Driver No file alert interval,CollectionDriver,CollectionDriver.noFileAlert,"-1|([0-9]{0,5})$"
62,1,2016-07-11 16:21:09.0061,1,2016-07-11 16:21:09.0061,ACTIVE,Collection Driver Archive path,CollectionDriver,CollectionDriver.fileGroupingParameter.archivePath,"^[\_$\w:/]{1,500}$"
63,1,2016-07-11 16:21:09.0062,1,2016-07-11 16:21:09.0062,ACTIVE,FTP Collection Driver port,FTPCollectionDriver,FTPCollectionDriver.ftpConnectionParams.port,"^([0-9]{1,4}|[1-5][0-9]{4}|6[0-4][0-9]{3}|65[0-4][0-9]{2}|655[0-2][0-9]|6553[0-5])$"
64,1,2016-07-11 16:21:09.0063,1,2016-07-11 16:21:09.0063,ACTIVE,FTP Collection Driver username,FTPCollectionDriver,FTPCollectionDriver.ftpConnectionParams.username,"^.{1,200}$"
65,1,2016-07-11 16:21:09.0064,1,2016-07-11 16:21:09.0064,ACTIVE,FTP Collection Driver password,FTPCollectionDriver,FTPCollectionDriver.ftpConnectionParams.password,"^.{1,200}$"
66,1,2016-07-11 16:21:09.0065,1,2016-07-11 16:21:09.0065,ACTIVE,FTP Collection Driver timeout,FTPCollectionDriver,FTPCollectionDriver.ftpConnectionParams.timeout,"^[0-9]{1,7}$"
67,1,2016-07-11 16:21:09.0066,1,2016-07-11 16:21:09.0066,ACTIVE,FTP Collection Driver fileSeparator,FTPCollectionDriver,FTPCollectionDriver.ftpConnectionParams.fileSeparator,^[:/\\;]{1}$
68,1,2016-07-11 16:21:09.0067,1,2016-07-11 16:21:09.0067,ACTIVE,FTP Collection Driver file fetch interval,FTPCollectionDriver,FTPCollectionDriver.myFileFetchParams.FileFetchIntervalMin,"^[0-9]{1,3}$"
69,1,2016-07-11 16:21:09.0068,1,2016-07-11 16:21:09.0068,ACTIVE,PathList Name,PathList,PathList.name,"^[\w-._,/'][\w\s-._,/']{1,200}+$"
70,1,2016-07-11 16:21:09.0069,1,2016-07-11 16:21:09.0069,ACTIVE,PathList read File Path,PathList,PathList.readFilePath,"^[\_$\w:/]{1,500}$"
71,1,2016-07-11 16:21:09.0070,1,2016-07-11 16:21:09.0070,ACTIVE,PathList write File Path,CommonPathList,CommonPathList.writeFilePath,"^[\_$\w:/]{1,500}$"
72,1,2016-07-11 16:21:09.0071,1,2016-07-11 16:21:09.0071,ACTIVE,PathList ReadFileName Prefix,CommonPathList,CommonPathList.readFilenamePrefix,"^[^<>:""/\|?*]{0,100}$"
73,1,2016-07-11 16:21:09.0072,1,2016-07-11 16:21:09.0072,ACTIVE,PathList ReadFileName Suffix,CommonPathList,CommonPathList.readFilenameSuffix,"^[^<>:""/\|?*]{1,100}$"
74,1,2016-07-11 16:21:09.0073,1,2016-07-11 16:21:09.0073,ACTIVE,PathList ReadFileName Containts,CommonPathList,CommonPathList.readFilenameContains,"^[^<>:""/\|?*]{0,100}$"
75,1,2016-07-11 16:21:09.0074,1,2016-07-11 16:21:09.0074,ACTIVE,PathList WriteFileName Prefix,CommonPathList,CommonPathList.writeFilenamePrefix,"^[^<>:""/\|?.*]{0,100}$"
76,1,2016-07-11 16:21:09.0075,1,2016-07-11 16:21:09.0075,ACTIVE,PathList Max File Count Alert,CollectionDriverPathList,CollectionDriverPathList.maxFilesCountAlert,"^[0-9-]{1,7}$"
77,1,2016-07-11 16:21:09.0076,1,2016-07-11 16:21:09.0076,ACTIVE,PathList Date Format,CollectionDriverPathList,CollectionDriverPathList.dateFormat,"([dMyhmsHS0-9//:-]+){1,30}"
78,1,2016-07-11 16:21:09.0077,1,2016-07-11 16:21:09.0077,ACTIVE,PathList Start Index,CollectionDriverPathList,CollectionDriverPathList.startIndex,"-1|([0-9]{0,7})$"
79,1,2016-07-11 16:21:09.0078,1,2016-07-11 16:21:09.0078,ACTIVE,PathList End Index,CollectionDriverPathList,CollectionDriverPathList.endIndex,"-1|([0-9]{0,7})$"
80,1,2016-07-11 16:21:09.0079,1,2016-07-11 16:21:09.0079,ACTIVE,PathList Seq. Start Index,CollectionDriverPathList,CollectionDriverPathList.seqStartIndex,"-1|([0-9]{0,7})$"
81,1,2016-07-11 16:21:09.0080,1,2016-07-11 16:21:09.0080,ACTIVE,PathList Seq. End Index,CollectionDriverPathList,CollectionDriverPathList.seqEndIndex,"-1|([0-9]{0,7})$"
82,1,2016-07-11 16:21:09.0081,1,2016-07-11 16:21:09.0081,ACTIVE,PathList max Counter Limit,CollectionDriverPathList,CollectionDriverPathList.maxCounterLimit,"^[0-9]{0,7}$"
83,1,2016-07-11 16:21:09.0082,1,2016-07-11 16:21:09.0082,ACTIVE,Service Option Template Id,Service,Service.optionTemplateId,"^[0-9,]{0,50}$"
84,1,2016-07-11 16:21:09.0083,1,2016-07-11 16:21:09.0083,ACTIVE,Service Option Template Key,Service,Service.optionTemplateKey,"^[\w]{0,50}$"
85,1,2016-07-11 16:21:09.0084,1,2016-07-11 16:21:09.0084,ACTIVE,Service Option Template Value,Service,Service.optionTemplateValue,"^[\w]{0,50}$"
86,1,2016-07-11 16:21:09.0085,1,2016-07-11 16:21:09.0085,ACTIVE,Service Option Copy To Template Id,Service,Service.optionCopytoTemplateId,"^[0-9,]{0,50}$"
87,1,2016-07-11 16:21:09.0086,1,2016-07-11 16:21:09.0086,ACTIVE,Service Option Copy To Field,Service,Service.optionCopyTofield,"^[0-9,]{0,50}"
88,1,2016-07-11 16:21:09.0087,1,2016-07-11 16:21:09.0087,ACTIVE,Binary File Location,Service,Service.binaryfileLocation,"^[\_\w/][a-zA-Z0-9\\_$\\s.\\w:,/]{1,200}$"
89,1,2016-07-11 16:21:09.0088,1,2016-07-11 16:21:09.0088,ACTIVE,Service Netflow Port,Service,Service.netFlowPort,"^[0-9]{0,10}$"
90,1,2016-07-11 16:21:09.0089,1,2016-07-11 16:21:09.0089,ACTIVE,Service Socket Receive Buffer Size,Service,Service.sktRcvBufferSize,"^[0-9]{0,19}$"
91,1,2016-07-11 16:21:09.0090,1,2016-07-11 16:21:09.0090,ACTIVE,Service Socket Send Buffer Size,Service,Service.sktSendBufferSize,"^[0-9]{0,19}$"
92,1,2016-07-11 16:21:09.0091,1,2016-07-11 16:21:09.0091,ACTIVE,Service Bulk Write Limit,Service,Service.bulkWriteLimit,"^[0-9]{0,10}$"
93,1,2016-07-11 16:21:09.0092,1,2016-07-11 16:21:09.0092,ACTIVE,Max Packet Size,Service,Service.maxPktSize,"^[0-9]{0,19}$"
94,1,2016-07-11 16:21:09.0093,1,2016-07-11 16:21:09.0093,ACTIVE,Service Max Write Buffer size,Service,Service.maxWriteBufferSize,"^[0-9]{0,19}$"
95,1,2016-07-11 16:21:09.0094,1,2016-07-11 16:21:09.0094,ACTIVE,Service Parallel File Write Count,Service,Service.parallelFileWriteCount,"-1|([0-9]{0,10})$"
96,1,2016-07-11 16:21:09.0095,1,2016-07-11 16:21:09.0095,ACTIVE,Service SNMP Time Interval,Service,Service.snmpTimeInterval,"^[0-9]{0,10}$"
97,1,2016-07-11 16:21:09.0096,1,2016-07-11 16:21:09.0096,ACTIVE,Service Max Idel Communication Time,Service,Service.maxIdelCommuTime,"^[0-9]{0,10}$"
98,1,2016-07-11 16:21:09.0097,1,2016-07-11 16:21:09.0097,ACTIVE,Client Client Name,NetflowClient,NetflowClient.name,"^[\w-._,/'][\w\s-._,/']{1,200}+$"
99,1,2016-07-11 16:21:09.0098,1,2016-07-11 16:21:09.0098,ACTIVE,Netflow Client Port,NetflowClient,NetflowClient.clientPort,"^[0-9]{0,10}+$"
100,1,2016-07-11 16:21:09.0099,1,2016-07-11 16:21:09.0099,ACTIVE,Client File Name Format,NetflowClient,NetflowClient.fileNameFormat,"^[\w{}.-_\s]{1,50}+$"
101,1,2016-07-11 16:21:09.0100,1,2016-07-11 16:21:09.0100,ACTIVE,Client Min File Sequence,NetflowClient,NetflowClient.minFileSeqValue,"-1|([0-9]{0,19})$"
102,1,2016-07-11 16:21:09.0101,1,2016-07-11 16:21:09.0101,ACTIVE,Client Max File Sequence,NetflowClient,NetflowClient.maxFileSeqValue,"-1|([0-9]{0,19})$"
103,1,2016-07-11 16:21:09.0102,1,2016-07-11 16:21:09.0102,ACTIVE,Output File Location,NetflowClient,NetflowClient.outFileLocation,"^[\_$\w:/]{1,500}+$"
104,1,2016-07-11 16:21:09.0103,1,2016-07-11 16:21:09.0103,ACTIVE,Volume Rolling Unit,NetflowClient,NetflowClient.volLogRollingUnit,"-1|([0-9]{0,10})+$"
105,1,2016-07-11 16:21:09.0104,1,2016-07-11 16:21:09.0104,ACTIVE,Time Rolling Unit,NetflowClient,NetflowClient.timeLogRollingUnit,"-1|([0-9]{0,10})+$"
106,1,2016-07-11 16:21:09.0105,1,2016-07-11 16:21:09.0105,ACTIVE,Backup Binary File Path,NetflowClient,NetflowClient.bkpBinaryfileLocation,"^[\_$\w:/]{0,500}$"
107,1,2016-07-11 16:21:09.0106,1,2016-07-11 16:21:09.0106,ACTIVE,Service Equal Check Field,Service,Service.equalCheckField,"[^\w-]{0,20}$"
108,1,2016-07-11 16:21:09.0107,1,2016-07-11 16:21:09.0107,ACTIVE,Service Equal Check Value,Service,Service.equalCheckValue,"^(.){0,100}$"
109,1,2016-07-11 16:21:09.0108,1,2016-07-11 16:21:09.0108,ACTIVE,Service Archive Path,Service,Service.fileGroupParam.archivePath,"^[\_$\w:/]{0,600}$"
110,1,2016-07-11 16:21:09.0109,1,2016-07-11 16:21:09.0109,ACTIVE,Service Record Batch Size,Service,Service.recordBatchSize,"^[0-9]{1,10}$"
111,1,2016-07-11 16:21:09.0110,1,2016-07-11 16:21:09.0110,ACTIVE,Service Purge Interval,Service,Service.purgeInterval,"^[0-9]{1,5}$"
112,1,2016-07-11 16:21:09.0111,1,2016-07-11 16:21:09.0111,ACTIVE,Service Purge Delay Interval,Service,Service.purgeDelayInterval,"^[0-9]{1,5}$"
113,1,2016-07-11 16:21:09.0112,1,2016-07-11 16:21:09.0112,ACTIVE,Service Outfile Headers,Service,Service.outFileHeaders,"^[^\w-]{0,500}$"
114,1,2016-07-11 16:21:09.0113,1,2016-07-11 16:21:09.0113,ACTIVE,Service File State Location,Service,Service.fileStatsLoc,"^[\w_.,/]{0,600}$"
115,1,2016-07-11 16:21:09.0114,1,2016-07-11 16:21:09.0114,ACTIVE,Service Destination Port Field,Service,Service.destPortField,"^[0-9]{0,10}$"
116,1,2016-07-11 16:21:09.0115,1,2016-07-11 16:21:09.0115,ACTIVE,Service Destination Port Filter,Service,Service.destPortFilter,"^[0-9]{0,10}$"
117,1,2016-07-11 16:21:09.0116,1,2016-07-11 16:21:09.0116,ACTIVE,Service Create Record Dest Path,Service,Service.createRecDestPath,"^[\_$\w:/]{0,600}$"
118,1,2016-07-11 16:21:09.0117,1,2016-07-11 16:21:09.0117,ACTIVE,Service Delete Record Dest Path,Service,Service.deleteRecDestPath,"^[\_$\w:/]{0,600}$"
119,1,2016-07-11 16:21:09.0118,1,2016-07-11 16:21:09.0118,ACTIVE,Partition param range,PartitionParam,PartitionParam.partitionRange,"^[\w]{1,10}+$"
120,1,2016-07-11 16:21:09.0119,1,2016-07-11 16:21:09.0119,ACTIVE,Pathlist Name,Parser,Parser.parsingPathList.name,"^[\w-._,/'][\w\s-._,/']{1,200}$"
121,1,2016-07-11 16:21:09.0120,1,2016-07-11 16:21:09.0120,ACTIVE,Read File Path,Parser,Parser.parsingPathList.readFilePath,"^[\_$\w:/]{1,500}$"
122,1,2016-07-11 16:21:09.0121,1,2016-07-11 16:21:09.0121,ACTIVE,Write File Path,Parser,Parser.writeFilePath,"^[\_$\w:/]{1,600}$"
123,1,2016-07-11 16:21:09.0122,1,2016-07-11 16:21:09.0122,ACTIVE,Read File Name Prefix,Parser,Parser.readFilenamePrefix,"^[^<>:""/\|?*]{0,50}$"
124,1,2016-07-11 16:21:09.0123,1,2016-07-11 16:21:09.0123,ACTIVE,Read File Name Suffix,Parser,Parser.readFilenameSuffix,"^[^<>:""/\|?*]{1,50}$"
125,1,2016-07-11 16:21:09.0124,1,2016-07-11 16:21:09.0124,ACTIVE,Read File Name Contains,Parser,Parser.readFilenameContains,"^[^<>:""/\|?*]{0,50}$"
126,1,2016-07-11 16:21:09.0125,1,2016-07-11 16:21:09.0125,ACTIVE,Read File Name Exclude,Parser,Parser.readFilenameExcludeTypes,"^[^<>:""/\|?*]{0,100}$"
127,1,2016-07-11 16:21:09.0126,1,2016-07-11 16:21:09.0126,ACTIVE,Write File Prefix,Parser,Parser.writeFilenamePrefix,"^[^<>:""/\|?.*]{0,50}$"
128,1,2016-07-11 16:21:09.0127,1,2016-07-11 16:21:09.0127,ACTIVE,Parser name,Parser,Parser.name,"^[\w-._,/'][\w\s-._,/']{1,200}$"
129,1,2016-07-11 16:21:09.0128,1,2016-07-11 16:21:09.0128,ACTIVE,NATFlowParserMapping Option Template Id,NATFlowParserMapping,NATFlowParserMapping.optionTemplateId,"^[0-9]{0,50}$"
130,1,2016-07-11 16:21:09.0129,1,2016-07-11 16:21:09.0129,ACTIVE,NATFlowParserMapping Option Template Key,NATFlowParserMapping,NATFlowParserMapping.optionTemplateKey,"^[\w]{0,50}$"
131,1,2016-07-11 16:21:09.0130,1,2016-07-11 16:21:09.0130,ACTIVE,NATFlowParserMapping Option Template Value,NATFlowParserMapping,NATFlowParserMapping.optionTemplateValue,"^[\w]{0,50}$"
132,1,2016-07-11 16:21:09.0131,1,2016-07-11 16:21:09.0131,ACTIVE,NATFlowParserMapping Option Copy To Template Id,NATFlowParserMapping,NATFlowParserMapping.optionCopytoTemplateId,"^[0-9,]{0,50}$"
133,1,2016-07-11 16:21:09.0132,1,2016-07-11 16:21:09.0132,ACTIVE,NATFlowParserMapping Option Copy To Field,NATFlowParserMapping,NATFlowParserMapping.optionCopyTofield,"^[\w,]{0,50}$"
134,1,2016-07-11 16:21:09.0133,1,2016-07-11 16:21:09.0133,ACTIVE,Device Name,Device,Device.name,"^[\w-._,][\w\s-._,]{1,200}+$"
135,1,2016-07-11 16:21:09.0134,1,2016-07-11 16:21:09.0134,ACTIVE,Attribute Source field,ParserAttribute,ParserAttribute.sourceField,"^[;\w\s:,_|-]{1,500}+$"
136,1,2016-07-11 16:21:09.0135,1,2016-07-11 16:21:09.0135,ACTIVE,Attribute Default Text,ParserAttribute,ParserAttribute.defaultValue,"^[\w\s]{0,100}$"
137,1,2016-07-11 16:21:09.0136,1,2016-07-11 16:21:09.0136,ACTIVE,Attribute Description,ParserAttribute,ParserAttribute.description,"^[\w\s-./,/']{0,2000}$"
138,1,2016-07-11 16:21:09.0137,1,2016-07-11 16:21:09.0137,ACTIVE,Attribute Trim Chars,ParserAttribute,ParserAttribute.trimChars,"^[\w\s~!@#$%/\^&*(){}""]{0,100}$"
139,1,2016-07-11 16:21:09.0138,1,2016-07-11 16:21:09.0138,ACTIVE,Attribute Unified field,ParserAttribute,ParserAttribute.unifiedField,"^[\w]{1,100}+$"
140,1,2016-07-11 16:21:09.0139,1,2016-07-11 16:21:09.0139,ACTIVE,Device Description,Device,Device.description,"^[\w\s-./,/']{0,2000}$"
141,1,2016-07-11 16:21:09.0140,1,2016-07-11 16:21:09.0140,ACTIVE,Device Decode Type,Device,Device.decodeType,"^[\w]{1,50}+$"
142,1,2016-07-11 16:21:09.0141,1,2016-07-11 16:21:09.0141,ACTIVE,Device Type,DeviceType,DeviceType.name,"^[\w-._,][\w\s-._,]{1,200}+$"
143,1,2016-07-11 16:21:09.0142,1,2016-07-11 16:21:09.0142,ACTIVE,Vendor Type,VendorType,VendorType.name,"^[\w-._,][\w\s-._,]{1,200}+$"
144,1,2016-07-11 16:21:09.0143,1,2016-07-11 16:21:09.0143,ACTIVE,ParserMapping Source Date Format,ParserMapping,ParserMapping.srcDateFormat,"^[\sdMyYhmsHAaCcDdEeNnOoSTtUuWw0-9&/:-]+{1,100}"
145,1,2016-07-11 16:21:09.0144,1,2016-07-11 16:21:09.0144,ACTIVE,ParserMapping Name,ParserMapping,ParserMapping.name,"^[\w-._,][\w\s-._,]{1,200}+$"
146,1,2016-07-11 16:21:09.0145,1,2016-07-11 16:21:09.0145,ACTIVE,PathList Archive Path,PathList,PathList.archivePath,"^[\_$\w:/]{1,500}$"
147,1,2016-07-11 16:21:09.0146,1,2016-07-11 16:21:09.0146,ACTIVE,SNMP Server Name Regex,SNMPServerConfig,SNMPServerConfig.name,"^[\w-._,/'][\w\s-._,/']{1,200}+$"
148,1,2016-07-11 16:21:09.0147,1,2016-07-11 16:21:09.0147,ACTIVE,SNMP Server Port Regex,SNMPServerConfig,SNMPServerConfig.port,(102[3-9]|10[3-9][0-9]|1[1-9][0-9]{2}|[2-9][0-9]{3}|[1-5][0-9]{4}|6[0-4][0-9]{3}|65[0-4][0-9]{2}|655[0-2][0-9]|6553[0-6])
149,1,2016-07-11 16:21:09.0148,1,2016-07-11 16:21:09.0148,ACTIVE,SNMP Server Offset Regex,SNMPServerConfig,SNMPServerConfig.portOffset,"^-?[1-9][0-9]*$"
150,1,2016-07-11 16:21:09.0149,1,2016-07-11 16:21:09.0149,ACTIVE,DistributionService process record limit regex,DistributionService,DistributionService.processRecordLimit,"^[0-9]{0,6}$"
151,1,2016-07-11 16:21:09.0150,1,2016-07-11 16:21:09.0150,ACTIVE,DistributionService Timestens datasource name regex,DistributionService,DistributionService.timestenDatasourceName,"^[\w\s]{0,500}$"
152,1,2016-07-11 16:21:09.0151,1,2016-07-11 16:21:09.0151,ACTIVE,DistributionService write record limit regex,DistributionService,DistributionService.writeRecordLimit,"^-?[0-9-]{0,6}"
153,1,2016-07-11 16:21:09.0152,1,2016-07-11 16:21:09.0152,ACTIVE,RegEx Pattern Name,RegExPattern,RegExPattern.patternRegExName,"^[\w.-_,/'][\w\s.-_,/']{1,200}$"
154,1,2016-07-11 16:21:09.0153,1,2016-07-11 16:21:09.0153,ACTIVE,Ascii Field Separator,AsciiParserMapping,AsciiParserMapping.fieldSeparator,"^[^\w]{1,3}$"
155,1,2016-07-11 16:21:09.0154,1,2016-07-11 16:21:09.0154,ACTIVE,Ascii Find,AsciiParserMapping,AsciiParserMapping.find,"^.{0,100}$"
156,1,2016-07-11 16:21:09.0155,1,2016-07-11 16:21:09.0155,ACTIVE,Ascii Replace,AsciiParserMapping,AsciiParserMapping.replace,"^.{0,100}$"
157,1,2016-07-11 16:21:09.0156,1,2016-07-11 16:21:09.0156,ACTIVE,Ascii Footer Contains,AsciiParserMapping,AsciiParserMapping.fileFooterContains,"^.{0,500}$"
158,1,2016-07-11 16:21:09.0157,1,2016-07-11 16:21:09.0157,ACTIVE,Ascii Record Header Length,AsciiParserMapping,AsciiParserMapping.recordHeaderLength,"^[0-9]{0,5}$"
159,1,2016-07-11 16:21:09.0158,1,2016-07-11 16:21:09.0158,ACTIVE,Ascii Attribute Source Field Format,ParserAttribute,ParserAttribute.sourceFieldFormat,"^[\w\d]{0,100}"
160,1,2016-07-11 16:21:09.0159,1,2016-07-11 16:21:09.0159,ACTIVE,Composer Name,Composer,Composer.name,"^[\w-._,/'][\w\s-._,/']{1,200}+$"
161,1,2016-07-11 16:21:09.0160,1,2016-07-11 16:21:09.0160,ACTIVE,Composer File Name prefix R,Composer,Composer.readFilenamePrefix,"^[^<>:""/\|?*]{0,50}$"
162,1,2016-07-11 16:21:09.0161,1,2016-07-11 16:21:09.0161,ACTIVE,Composer File Name suffix R,Composer,Composer.readFilenameSuffix,"^[^<>:""/\|?*]{0,50}$"
163,1,2016-07-11 16:21:09.0162,1,2016-07-11 16:21:09.0162,ACTIVE,Composer File Name Contains,Composer,Composer.readFilenameContains,"^[^<>:""/\|?*]{0,50}$"
164,1,2016-07-11 16:21:09.0163,1,2016-07-11 16:21:09.0163,ACTIVE,Composer File Exclude type,Composer,Composer.readFilenameExcludeTypes,"^[^<>:""/\|?*]{0,50}$"
165,1,2016-07-11 16:21:09.0164,1,2016-07-11 16:21:09.0164,ACTIVE,Composer Destination file path,Composer,Composer.destPath,"^[\_$\w:/]{1,500}$"
166,1,2016-07-11 16:21:09.0165,1,2016-07-11 16:21:09.0165,ACTIVE,Composer File Name prefix W,Composer,Composer.writeFilenamePrefix,"^[^<>:""/\|?*]{0,50}$"
167,1,2016-07-11 16:21:09.0166,1,2016-07-11 16:21:09.0166,ACTIVE,Composer Backup path,Composer,Composer.fileBackupPath,"^[\_$\w:/]{0,500}$"
168,1,2016-07-11 16:21:09.0167,1,2016-07-11 16:21:09.0167,ACTIVE,Composer File Extension,Composer,Composer.fileExtension,"^[^<>:/\\|?*]{0,10}$"
169,1,2016-07-11 16:21:09.0168,1,2016-07-11 16:21:09.0168,ACTIVE,CharRenameOperation Query,CharRenameOperation,CharRenameOperation.query,"^[\w\s~@!#\$\^%&*()+=\-\[\]\\\';,\.\/\{\}\\|\"":<>\? ]{0,500}$"
170,1,2016-07-11 16:21:09.0169,1,2016-07-11 16:21:09.0169,ACTIVE,CharRenameOperation Start Index,CharRenameOperation,CharRenameOperation.startIndex,"^-?[0-9-]{0,7}$"
171,1,2016-07-11 16:21:09.0170,1,2016-07-11 16:21:09.0170,ACTIVE,CharRenameOperation End Index,CharRenameOperation,CharRenameOperation.endIndex,"^-?[0-9-]{0,7}$"
172,1,2016-07-11 16:21:09.0171,1,2016-07-11 16:21:09.0171,ACTIVE,CharRenameOperation Default Value,CharRenameOperation,CharRenameOperation.defaultValue,"^[\w]{0,500}$"
173,1,2016-07-11 16:21:09.0172,1,2016-07-11 16:21:09.0172,ACTIVE,CharRenameOperation Length,CharRenameOperation,CharRenameOperation.length,"^-?[0-9-][0-9]{0,3}$"
174,1,2016-07-11 16:21:09.0173,1,2016-07-11 16:21:09.0173,ACTIVE,ComposerMapping Name,ComposerMapping,ComposerMapping.name,"^[\w-._,][\w\s-._,]{1,200}+$"
175,1,2016-07-11 16:21:09.0174,1,2016-07-11 16:21:09.0174,ACTIVE,Ascii Field Separator,AsciiComposerMapping,AsciiComposerMapping.fieldSeparator,^[^\w]{1}$
176,1,2016-07-11 16:21:09.0175,1,2016-07-11 16:21:09.0175,ACTIVE,ComposerMapping Source Date Format,ComposerMapping,ComposerMapping.destDateFormat,"^[\sdMyYhmsHAaCcDdEeNnOoSTtUuWw0-9&+/:-]+{1,100}"
177,1,2016-07-11 16:21:09.0176,1,2016-07-11 16:21:09.0176,ACTIVE,ComposerMapping File Extension,ComposerMapping,ComposerMapping.destFileExt,"^[^<>:/\\|?*]{0,15}$"
178,1,2016-07-11 16:21:09.0177,1,2016-07-11 16:21:09.0177,ACTIVE,ComposerAttr DestionationField,ComposerAttribute,ComposerAttribute.destinationField,"^[a-zA-Z0-9!@#$%^&*()_+\-=\[\]{};':]{1,100}$"
179,1,2016-07-11 16:21:09.0178,1,2016-07-11 16:21:09.0178,ACTIVE,ComposerAttr DefaultValue,ComposerAttribute,ComposerAttribute.defualtValue,"^.{0,100}$"
180,1,2016-07-11 16:21:09.0179,1,2016-07-11 16:21:09.0179,ACTIVE,ComposerAttr Description,ComposerAttribute,ComposerAttribute.description,"^[\w\s-./,/']{0,2000}$"
181,1,2016-07-11 16:21:09.0180,1,2016-07-11 16:21:09.0180,ACTIVE,ComposerAttr TrimChars,ComposerAttribute,ComposerAttribute.trimchars,"^[\w\s~@!#\$\^%&*()+=\-\[\]\\\';,\.\/\{\}\|\"":<>\? ]{0,100}$"
182,1,2016-07-11 16:21:09.0181,1,2016-07-11 16:21:09.0181,ACTIVE,ComposerAttr DateFormat,ComposerAttribute,ComposerAttribute.dateFormat,"^[\sdMyYhmsHAaCcDdEeNnOoSTtUuWw0-9&/:-]{0,100}"
183,1,2016-07-11 16:21:09.0182,1,2016-07-11 16:21:09.0182,ACTIVE,ComposerAttr ReplaceConditionList,ASCIIComposerAttr,ASCIIComposerAttr.replaceConditionList,"^.{0,100}"
184,1,2016-07-11 16:21:09.0183,1,2016-07-11 16:21:09.0183,ACTIVE,ComposerAttr PaddingLength,ASCIIComposerAttr,ASCIIComposerAttr.length,"^[0-9]{1,20}"
185,1,2016-07-11 16:21:09.0184,1,2016-07-11 16:21:09.0184,ACTIVE,ComposerAttr PaddingChar,ASCIIComposerAttr,ASCIIComposerAttr.paddingChar,"^.{0,100}"
186,1,2016-07-11 16:21:09.0185,1,2016-07-11 16:21:09.0185,ACTIVE,ComposerAttr Prefix,ASCIIComposerAttr,ASCIIComposerAttr.prefix,"^[^<>:""/\|?*]{0,50}$"
187,1,2016-07-11 16:21:09.0186,1,2016-07-11 16:21:09.0186,ACTIVE,ComposerAttr suffix,ASCIIComposerAttr,ASCIIComposerAttr.suffix,"^[^<>:""/\|?*]{0,50}$"
188,1,2016-07-11 16:21:09.0187,1,2016-07-11 16:21:09.0187,ACTIVE,PathList write File Path,DistributionDriverPathList,DistributionDriverPathList.writeFilePath,"^[\_$\w:/]{1,500}$"
189,1,2016-07-11 16:21:09.0188,1,2016-07-11 16:21:09.0188,ACTIVE,Composer File Name Suffix W,Composer,Composer.writeFilenameSuffix,"^[^<>:""/\|?*]{0,50}$"
190,1,2016-07-11 16:21:09.0189,1,2016-07-11 16:21:09.0189,ACTIVE,Netflow client alert interval,NetflowClient,NetflowClient.alertInterval,"^[0-9]{1,7}"
191,1,2016-07-11 16:21:09.0190,1,2016-07-11 16:21:09.0190,ACTIVE,SNMPAlert Name,SNMPAlert,SNMPAlert.name,"^[\w-._,][\w\s-._,]{1,50}+$"
192,1,2016-07-11 16:21:09.0191,1,2016-07-11 16:21:09.0191,ACTIVE,SNMPAlert Description,SNMPAlert,SNMPAlert.desc,"^[\w\s-./,/']{0,2000}$"
193,1,2016-07-11 16:21:09.0192,1,2016-07-11 16:21:09.0192,ACTIVE,Parsing Service Min file range,Service,Service.minFileRange,"^-?[0-9-]{0,5}"
194,1,2016-07-11 16:21:09.0193,1,2016-07-11 16:21:09.0193,ACTIVE,Parsing Service no file alert,Service,Service.noFileAlert,"^-?[0-9-]{0,5}"
195,1,2016-07-11 16:21:09.0194,1,2016-07-11 16:21:09.0194,ACTIVE,Parsing Service Max file range,Service,Service.maxFileRange,"^-?[0-9-]{0,5}"
196,1,2016-07-11 16:21:09.0195,1,2016-07-11 16:21:09.0195,ACTIVE,PacketStatastic Agent Storage location value,PacketStatisticsAgent,PacketStatisticsAgent.storageLocation,"^[\_$\s.\w:/]{1,500}$"
197,1,2016-07-11 16:21:09.0000,1,2016-07-11 16:21:09.0000,ACTIVE,Server Instance Mediation Root Path,ServerInstance,ServerInstance.mediationRoot,"^[\_$\w:/\\]{0,200}"
198,1,2016-07-11 16:21:09.0000,1,2016-07-11 16:21:09.0000,ACTIVE,SNMP Service Threshold Regex,SNMPServiceThreshold,SNMPServiceThreshold.threshold,"^[0-9]{0,50}$"
199,1,2016-07-11 16:21:09.0000,1,2016-07-11 16:21:09.0000,ACTIVE,Agent Execution Interval,Agent,Agent.executionInterval,"^[0-9]{0,50}$"
200,1,2016-07-11 16:21:09.0082,1,2016-07-11 16:21:09.0082,ACTIVE,PasswordDescription,SystemParameter,SystemParameter.PasswordDescription,"^[\w\s-./,/']{1,60}$"
201,1,2016-07-11 16:21:09.0082,1,2016-07-11 16:21:09.0082,ACTIVE,Max File Alert Count,Parser,Parser.maxFileCountAlert,"^-?[0-9-]{0,50}$"
203,1,2016-07-11 16:21:09.0082,1,2016-07-11 16:21:09.0082,ACTIVE,Policy Name,Policy,Policy.name,"^[\w-._,/''][\w\s-._,/'']{1,255}+$"
204,1,2016-07-11 16:21:09.0082,1,2016-07-11 16:21:09.0082,ACTIVE,Policy Description,Policy,Policy.description,"^[\w\s-./,/']{0,4000}$"
205,1,2016-07-11 16:21:09.0082,1,2016-07-11 16:21:09.0082,ACTIVE,Duplicate Record Cache Limit,ProcessingService,ProcessingService.acrossFileDuplicateCDRCacheLimit,"^[0-9]{0,5}$"
206,1,2016-07-11 16:21:09.0082,1,2016-07-11 16:21:09.0082,ACTIVE,Duplicate Purge Cache Interval,ProcessingService,ProcessingService.acrossFileDuplicatePurgeCacheInterval,"^[0-9]{0,5}$"
207,1,2016-07-11 16:21:09.0082,1,2016-07-11 16:21:09.0082,ACTIVE,Duplicate Check Interval,ProcessingService,ProcessingService.acrossFileDuplicateDateInterval,"^[0-9]{0,3}$"
208,1,2016-07-11 16:21:09.0011,1,2016-07-11 16:21:09.0011,ACTIVE,Global Sequence Device Name,ProcessingService,ProcessingService.globalSeqDeviceName,"^[\w]{1,255}$"
209,1,2016-07-11 16:21:09.0082,1,2016-07-11 16:21:09.0082,ACTIVE,Global Sequence Max Limit,ProcessingService,ProcessingService.globalSeqMaxLimit,"-1|([0-9]{0,8})$"
210,1,2016-07-11 16:21:09.0082,1,2016-07-11 16:21:09.0082,ACTIVE,Duplicate Check Unified Fields,ProcessingService,ProcessingService.unifiedFields,"^[\w\s-./,/']{0,100}$"
211,1,2016-07-11 16:21:09.0082,1,2016-07-11 16:21:09.0082,ACTIVE,Action Name,Policy Action,Policy.action.name,"^[\w-._,/''][\w\s-._,/'']{1,255}+$"
212,1,2016-07-11 16:21:09.0082,1,2016-07-11 16:21:09.0082,ACTIVE,Action Description,Policy Action,Policy.action.description,".{0,4000}$"
213,1,2016-07-11 16:21:09.0082,1,2016-07-11 16:21:09.0082,ACTIVE,Action Expression,Policy Action,Policy.action.actionExpression,"^(?!\s*$).+$"
214,1,2016-07-11 16:21:09.0082,1,2016-07-11 16:21:09.0082,ACTIVE,File rename agent destination file path,FileRenameAgent,ServiceFileRenameConfig.destinationPath,"^[\_$\w:/]{1,500}$"
215,1,2016-07-11 16:21:09.0082,1,2016-07-11 16:21:09.0082,ACTIVE,File extension after rename,FileRenameAgent,ServiceFileRenameConfig.extAfterRename,"^[^<>:""/\|?*]{1,50}$"
216,1,2016-07-11 16:21:09.0082,1,2016-07-11 16:21:09.0082,ACTIVE,Initial delay in file rename agent,FileRenameAgent,Agent.initialDelay,"^[0-9]{1,100}$"
217,1,2016-07-11 16:21:09.0082,1,2016-07-11 16:21:09.0082,ACTIVE,File extension list to rename,FileRenameAgent,ServiceFileRenameConfig.fileExtensitonList,"^[^<>:""/\|?*]{1,50}$"
218,1,2016-07-11 16:21:09.0075,1,2016-07-11 16:21:09.0075,ACTIVE,PathList Max File Count Alert,ProcessingPathList,ProcessingPathList.maxFilesCountAlert,"^[0-9-]{1,7}$"
219,1,2016-07-11 16:21:09.0082,1,2016-07-11 16:21:09.0082,ACTIVE,Condition Name,Policy Condition,Policy.condition.name,"^[\w-._,/''][\w\s-._,/'']{1,255}+$"
220,1,2016-07-11 16:21:09.0082,1,2016-07-11 16:21:09.0082,ACTIVE,Condition Description,Policy Condition,Policy.condition.description,".{0,4000}$"
221,1,2016-07-11 16:21:09.0082,1,2016-07-11 16:21:09.0082,ACTIVE,Condition Expression,Policy Condition,Policy.condition.conditionExpression,"^(?!\s*$).+$"
222,1,2016-07-11 16:21:09.0082,1,2016-07-11 16:21:09.0082,ACTIVE,Policy Rule Group Name,Policy Rule Group,Policygroup.name,"^[\w-._,/''][\w\s-._,/'']{1,255}+$"
223,1,2016-07-11 16:21:09.0082,1,2016-07-11 16:21:09.0082,ACTIVE,Policy Rule Group Description,Policy Rule Group,Policygroup.description,"^[\w\s-./,/']{0,4000}$"
224,1,2016-07-11 16:21:09.0082,1,2016-07-11 16:21:09.0082,ACTIVE,Policy Rule Name,Policy Rule,Policyrule.name,"^[\w-._,/''][\w\s-._,/'']{1,255}+$"
225,1,2016-07-11 16:21:09.0082,1,2016-07-11 16:21:09.0082,ACTIVE,Policy Rule Description,Policy Rule,Policyrule.description,".{0,4000}$"
226,1,2016-07-11 16:21:09.0082,1,2016-07-11 16:21:09.0082,ACTIVE,Policy Rule Alert Description,Policy Rule,Policyrule.alert.description,"^[\w\s-./,/']{0,4000}$"
227,1,2016-07-11 16:21:09.0082,1,2016-07-11 16:21:09.0082,ACTIVE,Policy Rule Global Sequence Rule,Policy Rule,Policyrule.globalSequenceRule,"^[\w\s-./,/']{0,100}$"
228,1,2016-07-11 16:21:09.0082,1,2016-07-11 16:21:09.0082,ACTIVE,DatabaseDisDriverAttr DatabaseFieldName,DatabaseDisDriverAttribute,DatabaseDistributionDriverAttribute.databaseFieldName,"^[\w.-_,|][\w\s.-_,|]{1,100}+$"
229,1,2016-07-11 16:21:09.0082,1,2016-07-11 16:21:09.0082,ACTIVE,DatabaseDisDriver TableName,DatabaseDisDriver,DatabaseDistributionDriver.tableName,"^[\w.-_,|][\w\s.-_,|]{1,100}+$"																																																																																																																																																																																																																																																																																																																																																																																																																																																																																																																																																																																																																																																																																																																																																																																																																																																																																																																																																																																																																																																						
230,1,2016-07-11 16:21:09.0082,1,2016-07-11 16:21:09.0082,ACTIVE,DatabaseDisDriverAttr UnifiedFieldName,DatabaseDisDriverAttribute,DatabaseDistributionDriverAttribute.unifiedFieldName,"^[\w]{1,100}+$"
231,1,2016-07-11 16:21:09.0082,1,2016-07-11 16:21:09.0082,ACTIVE,DatabaseDisDriverAttr DataType,DatabaseDisDriverAttribute,DatabaseDistributionDriverAttribute.dataType,"^[\w]{1,100}+$"
232,1,2016-07-11 16:21:09.0082,1,2016-07-11 16:21:09.0082,ACTIVE,ASN1 Data Type,ASN1 Composer,ASN1ComposerAttribute.asn1DataType,"^[\w\d.]{1,255}$"
233,1,2016-07-11 16:21:09.0082,1,2016-07-11 16:21:09.0082,ACTIVE,ASN1 Choice Id,ASN1 Composer,ASN1ComposerAttribute.choiceId,"^[\d]{0,9}$"
234,1,2016-07-11 16:21:09.0082,1,2016-07-11 16:21:09.0082,ACTIVE,ASN1 Child Attributes,ASN1 Composer,ASN1ComposerAttribute.childAttributes,"^[\w-._/,]{0,2500}$"
235,1,2016-07-11 16:21:09.0082,1,2016-07-11 16:21:09.0082,ACTIVE,ASN1 Record Main Attribute,ASN1 Composer,ASN1ComposerMapping.recMainAttribute,"^[\w-._]{1,200}$"
236,1,2016-07-11 16:21:09.0082,1,2016-07-11 16:21:09.0082,ACTIVE,ASN1 Multi Container Delimiter,ASN1 Composer,ASN1ComposerAttribute.multiContainerDelimiter,"^[a-zA-Z0-9!@#$%^&*()_+\-=\[\]{};':]{0,100}$"
237,1,2016-07-11 16:21:09.0082,1,2016-07-11 16:21:09.0082,ACTIVE,Consolidation Across File Partition,Consolidation Across File Partition,DataConsolidationService.acrossFilePartition,"^-?[0-9-]{0,5}"
238,1,2016-07-11 16:21:09.0082,1,2016-07-11 16:21:09.0082,ACTIVE,Consolidation Across File Min Range,Consolidation Across File Min Range,DataConsolidationService.acrossFileMinBatchSize,"^-?[0-9-]{0,5}"
239,1,2016-07-11 16:21:09.0082,1,2016-07-11 16:21:09.0082,ACTIVE,Consolidation Across File Max Range,Consolidation Across File Max Range,DataConsolidationService.acrossFileMaxBatchSize,"^-?[0-9-]{0,5}"
240,1,2016-07-11 16:21:09.0082,1,2016-07-11 16:21:09.0082,ACTIVE,Database Query Name,Database Query,DatabaseQuery.name,"^[\w\d\s.\-_,|\*]{1,100}+$"
241,1,2016-07-11 16:21:09.0082,1,2016-07-11 16:21:09.0082,ACTIVE,Database Query Value,Database Query,DatabaseQuery.value,"^[\w\d\s.\-_,|\*;]{1,4000}+$"
242,1,2016-07-11 16:21:09.0082,1,2016-07-11 16:21:09.0082,ACTIVE,Database Query Desc,Database Query,DatabaseQuery.description,"^[\w\s\d\-_./,/']{0,4000}$"
243,1,2016-07-11 16:21:09.0082,1,2016-07-11 16:21:09.0082,ACTIVE,Database Query OutputDB,Database Query,DatabaseQuery.outputDbField,"^[\w\d\s.\-_,|\*]{0,400}$"
244,1,2016-07-11 16:21:09.0082,1,2016-07-11 16:21:09.0082,ACTIVE,Database Query Condition Expression,Database Query,DatabaseQuery.conditionExpression,"^[a-zA-Z0-9!@#$%^&*()_+\-=\[\]{};':]{0,100}$"
245,1,2016-07-11 16:21:09.0082,1,2016-07-11 16:21:09.0082,ACTIVE,Consolidation Definition Group Regex,Consolidation Definition Regex,DataConsolidationGroupAttribute.regExExpression,"^[a-zA-Z0-9!@#$%^&*()_+\-=\[\]{};':]{1,100}$"
246,1,2016-07-11 16:21:09.0082,1,2016-07-11 16:21:09.0082,ACTIVE,Consolidation Definition Group Lookup Name,Consolidation Definition Lookup Name,DataConsolidationGroupAttribute.lookUpTableName,"^[a-zA-Z0-9!@#$%^&*()_+\-=\[\]{};':]{1,100}$"
247,1,2016-07-11 16:21:09.0082,1,2016-07-11 16:21:09.0082,ACTIVE,Consolidation Definition Group Lookup column name,Consolidation Definition Lookup Column,DataConsolidationGroupAttribute.lookUpTableColumnName,"^[a-zA-Z0-9!@#$%^&*()_+\-=\[\]{};':]{1,100}$"
248,1,2016-07-11 16:21:09.0082,1,2016-07-11 16:21:09.0082,ACTIVE,Consolidation PathList Mapping Process Record Limit,PathList Mapping Process Record Limit,DataConsolidationMapping.processRecordLimit,"^-?[0-9-]{0,5}"
249,1,2016-07-11 16:21:09.0082,1,2016-07-11 16:21:09.0082,ACTIVE,Consolidation PathList Mapping File Seq Range,PathList Mapping File Seq Range,DataConsolidationMapping.minSeqRange,"^-?[0-9-]{0,5}"
250,1,2016-07-11 16:21:09.0082,1,2016-07-11 16:21:09.0082,ACTIVE,Consolidation PathList Mapping File Seq Range,PathList Mapping File Seq Range,DataConsolidationMapping.maxSeqRange,"^-?[0-9-]{0,5}"
251,1,2016-07-11 16:21:09.0082,1,2016-07-11 16:21:09.0082,ACTIVE,Consolidation Path List Mapping Name,Consolidation Path List Mapping Name,DataConsolidationMapping.mappingName,"^[\_$\w:/]{1,200}$"
252,1,2016-07-11 16:21:09.0082,1,2016-07-11 16:21:09.0082,ACTIVE,Cons Definition Across File Partition,Cons Across File Partition,DataConsolidation.acrossFilePartition,"^-?[0-9-]{0,5}"
253,1,2016-07-11 16:21:09.0082,1,2016-07-11 16:21:09.0082,ACTIVE,Consolidation Definition Name,Consolidation Definition Name,DataConsolidation.consName,"^[a-zA-Z0-9!@#$%^&*()_+\-=\[\]{};':]{1,200}$"
254,1,2016-07-11 16:21:09.0076,1,2016-07-11 16:21:09.0076,ACTIVE,Fixed Length Composer Date Format,FixedLengthASCIIComposerAttribute,FixedLengthASCIIComposerAttribute.fixedLengthDateFormat,"^[\sdMyYhmsHAaCcDdEeNnOoSTtUuWw0-9&/:-]{1,100}"
255,1,2016-07-11 16:21:09.0183,1,2016-07-11 16:21:09.0183,ACTIVE,Fixed Length Length,FixedLengthASCIIComposerAttribute,FixedLengthASCIIComposerAttribute.fixedLength,"^[0-9]{1,20}"
256,1,2016-07-11 16:21:09.0183,1,2016-07-11 16:21:09.0183,ACTIVE,Rule Lookup Table Name,RuleLookupTableData,RuleLookupTableData.viewName,"^[\w\d][\w\d-_]{1,20}+$"
257,1,2016-07-11 16:21:09.0183,1,2016-07-11 16:21:09.0183,ACTIVE,Rule Lookup Table Name,RuleLookupTableData,RuleLookupTableData.description,"^[\w\s-./,/']{0,2000}$"
258,1,2016-07-11 16:21:09.0183,1,2016-07-11 16:21:09.0183,ACTIVE,Rule Lookup Field Name,LookupFieldDetailData,LookupFieldDetailData.fieldName,"^[\w\d][\w\d-_]{1,20}+$"
259,1,2016-07-11 16:21:09.0183,1,2016-07-11 16:21:09.0183,ACTIVE,Rule Lookup Field Display Name,LookupFieldDetailData,LookupFieldDetailData.displayName,"^[\w\d][\w\d-_]{1,20}+$"
260,1,2016-07-11 16:21:09.0183,1,2016-07-11 16:21:09.0183,ACTIVE,Fixed Length Sequence,FixedLengthASCIIComposerAttribute,FixedLengthASCIIComposerAttribute.sequenceNumber,"^[0-9]{1,20}"
261,1,2016-07-11 16:21:09.0017,1,2016-07-11 16:21:09.0017,ACTIVE,Server Id,Server,Server.serverId,"^[\w-._,][\w\s-._,/']{1,200}+$"
262,1,2016-07-11 16:21:09.0017,1,2016-07-11 16:21:09.0017,ACTIVE,Policy name unique,Policy,Policy.uniqueName,"^[A-Z]{1,20}"
263,1,2016-07-11 16:21:09.0061,1,2016-07-11 16:21:09.0061,ACTIVE,Archive Path,ProcessingService,ProcessingService.fileGroupingParameter.archivePath,"^[\_$\w:/]{0,500}$"
264,1,2016-07-11 16:21:09.0061,1,2016-07-11 16:21:09.0061,ACTIVE,Filter Path,ProcessingService,ProcessingService.fileGroupingParameter.filterDirPath,"^[\_$\w:/]{0,500}$"
265,1,2016-07-11 16:21:09.0061,1,2016-07-11 16:21:09.0061,ACTIVE,Invalid Path,ProcessingService,ProcessingService.fileGroupingParameter.invalidDirPath,"^[\_$\w:/]{0,500}$"
266,1,2016-07-11 16:21:09.0061,1,2016-07-11 16:21:09.0061,ACTIVE,Duplicate Path,ProcessingService,ProcessingService.fileGroupingParameter.duplicateDirPath,"^[\_$\w:/]{0,500}$"
267,1,2016-07-11 16:21:09.0061,1,2016-07-11 16:21:09.0061,ACTIVE,Error Path,ProcessingService,ProcessingService.errorPath,"^[\_$\w:/]{0,500}$"
268,1,2016-07-11 16:21:09.0183,1,2016-07-11 16:21:09.0183,ACTIVE,Service Error Path,Service,Service.errorPath,"^[\_$\w:/]{0,600}$"
269,1,2016-07-11 16:21:09.0118,1,2016-07-11 16:21:09.0118,ACTIVE,Partition net mask parameter,PartitionParam,PartitionParam.netMask,"^[\d]{1,127}+$"
270,1,2016-07-11 16:21:09.0000,1,2016-07-11 16:21:09.0000,ACTIVE,Server Instance Error ReprPath,ServerInstance,ServerInstance.reprocessingBackupPath,"^[\_$\w:/]{0,600}"
